"id","plot_field","subplot_field","spp","FullExpTrt","PlantGMTrt","ExpSoilSource","ExpFungSource","gasket","alive_dead","senescing","flowering","machine","anet","gsw","iwue","ci.ca","vcmax25","jmax25","jmax25_vcmax25","rd25","tpu","focal_area_cm2","focal_dryMass_g","marea","nmass","narea","leaf_d15n","cmass","leaf_cn","leaf_d13c","pnue","wet_shoot_mass_g","wet_root_mass_g","wet_rhizome_mass_g","phosphorus_la_cm2","extra_la_cm2","tla_cm2","total_wet_biomass_g","wet_root_shoot","rmf","lar"
"43",5,9,"Tri","PlantW-SoilNW-FungWsterile","W","NW","Wsterile","good","alive","n","n","gibson",1.649321402,0.017538437,94.04038695,0.541539019,11.64692186,30.35830196,2.60655152708305,0.790029773,NA,22.79,0.1677,73.5849056603774,0.04181,3.07658490566038,2.14,0.4179,0.100047858339316,-11.133,0.536088374796853,3.7,1.33,11.76,17.43,23.03,63.25,16.79,3.53783783783784,0.779630732578916,3.76712328767123
"86",5,9,"Tri","PlantW-SoilNW-FungW","W","NW","W","good","alive","y","n",NA,NA,NA,NA,NA,NA,NA,NA,NA,NA,4.77,0.0351,73.5849056603774,0.05227,3.84628301886792,1.093,0.3908,0.133751279426817,-27.988,NA,0.61,0.43,9.35,4.9,4.55,14.22,10.39,16.0327868852459,0.941289701636189,1.36862367661213
"392",3,22,"Tri","PlantNW-SoilNW-FungNW","NW","NW","NW","good","dead","y","n","yadi",-0.188787505,0.006126526,NA,NA,1.420539676,4.270265572,3.00608680218236,0.487585449,NA,8.21,0.0775,94.3970767356882,0.039,3.68148599269184,1.104,0.3453,0.112945264986968,-26.999,NA,1.54,0.42,7.69,8.27,8.84,25.32,9.65,5.26623376623377,0.840414507772021,2.62383419689119
"452",3,22,"Tri","PlantNW-SoilNW-FungNW","NW","NW","NW","good","alive","n","n","albert",1.086874795,0.00942269,115.3465523,0.528151344,10.63695173,22.83355537,2.14662583318877,0.753202116,NA,12.53,0.0998,79.6488427773344,0.03895,3.10232242617717,2.262,0.3386,0.115032486709982,27.833,0.350342306727704,3.06,1.62,10.34,12.46,10.41,35.4,15.02,3.90849673202614,0.796271637816245,2.35685752330226
"482",5,22,"Tri","PlantNW-SoilNW-FungNW","NW","NW","NW","good","alive","n","n","yadi",0.795178699,0.011730144,67.78933583,0.691529179,7.102508718,17.64168998,2.48386741649333,0.863115063,NA,17.13,0.0769,44.8920023350846,0.04779,2.1453887915937,1.138,0.3896,0.122664271047228,-10.496,0.370645498902464,3.12,1.52,6.38,18.02,17.76,52.91,11.02,2.53205128205128,0.716878402903811,4.80127041742287
"552",3,14,"Tri","PlantW-SoilW-FungNW","W","W","NW","good","alive","y","n","yadi",-0.251676301,0.004453622,NA,NA,3.332110981,7.365328089,2.21040899627827,1.295634671,NA,10.88,0.0812,74.6323529411765,0.04555,3.39950367647059,1.702,0.405,0.112469135802469,-27.559,NA,0.6,1.04,4.81,9.58,9.88,30.34,6.45,9.75,0.906976744186047,4.70387596899225
"583",3,23,"Tri","PlantNW-SoilNW-FungW","NW","NW","W","good","alive","y","n","albert",0.367517887,0.005162979,71.18330076,0.679354769,7.061984597,13.57313035,1.92199942715338,1.118489647,NA,11.66,0.0608,52.1440823327616,0.04474,2.33292624356775,2.405,0.3917,0.11422006637733,-22.984,0.157535150548932,1.23,1.33,10.74,11.6,10.46,33.72,13.3,9.8130081300813,0.907518796992481,2.53533834586466
"614",5,11,"Tri","PlantNW-SoilW-FungW","NW","W","W","good","alive","n","n","yadi",1.504300387,0.00915424,164.3282579,0.303543199,40.28046033,69.2561239,1.71934787568501,2.101583353,NA,30.53,0.1362,44.6118571896495,0.05205,2.32204716672126,2.097,0.4569,0.113919894944189,48.719,0.647833691132157,6.12,1.45,29.71,40.26,32.26,103.05,37.28,5.09150326797386,0.835836909871245,2.76421673819742
"632",7,8,"Tri","PlantW-SoilW-FungW","W","W","W","good","alive","y","n","albert",-0.060068151,0.006948284,NA,NA,1.85002086,4.819561495,2.60513900097321,0.616575082,NA,9.74,0.0694,71.2525667351129,0.04305,3.06742299794661,2.145,0.402,0.107089552238806,-22.809,NA,1.61,0.59,10.38,8.54,7.53,25.81,12.58,6.81366459627329,0.872019077901431,2.0516693163752
"684",6,2,"Tri","PlantW-SoilNW-FungNW","W","NW","NW","good","alive","n","n",NA,NA,NA,NA,NA,NA,NA,NA,NA,NA,1.6,0.013,81.25,0.06393,5.1943125,1.555,0.4036,0.158399405351833,-27.292,NA,0.04,1.59,8.5,1.82,1.57,4.99,10.13,252.25,0.996051332675222,0.492596248766041
"762",6,2,"Tri","PlantW-SoilNW-FungNWsterile","W","NW","NWsterile",NA,NA,NA,NA,NA,NA,NA,NA,NA,NA,NA,NA,NA,NA,NA,NA,NA,NA,NA,NA,NA,NA,NA,NA,NA,NA,NA,NA,NA,NA,NA,NA,NA,NA
"774",3,20,"Tri","PlantW-SoilNW-FungNW","W","NW","NW","good","alive","n","n","gibson",0.448640889,0.005366186,83.60516239,0.639755616,5.322730335,13.51513728,2.53913620066946,0.415689302,NA,12.84,0.0476,37.0716510903427,0.03849,1.42688785046729,1.77,0.3974,0.0968545546049321,-4.761,0.314419166757272,2.1,3.66,13.13,13.57,11.73,38.14,18.89,7.99523809523809,0.888830068819481,2.01905770248809
"827",4,9,"Tri","PlantW-SoilNW-FungNW","W","NW","NW","good","dead","n","n",NA,NA,NA,NA,NA,NA,NA,NA,NA,NA,0.66,0.0345,522.727272727273,0.06365,33.2715909090909,1.517,0.4063,0.156657642136352,-28.546,NA,0.01,1.18,10.49,1.01,0.8,2.47,11.68,1167,0.999143835616438,0.211472602739726
"902",3,7,"Tri","PlantW-SoilW-FungNW","W","W","NW","good","alive","n","n","ozzie",1.053311665,0.011513234,91.48703343,0.575888742,9.271648767,24.32352112,2.62342995633885,0.713472766,NA,15.92,0.0956,60.0502512562814,0.04426,2.65782412060302,2.507,0.3986,0.111038635223281,-0.107,0.396306007171393,1.76,1.01,3.92,14.46,15.14,45.52,6.69,2.80113636363636,0.736920777279522,6.80418535127055
"916",3,16,"Tri","PlantNW-SoilW-FungNWsterile","NW","W","NWsterile","good","alive","n","n","ozzie",0.72315436,0.010790846,67.01553738,0.674397266,7.699026803,21.26256337,2.7617209179886,0.838902967,NA,7.85,0.0497,63.312101910828,0.0414,2.62112101910828,2.024,0.4147,0.0998312032794791,-3.991,0.275895067312085,1.91,0.3,19.56,10.34,3.84,22.03,21.77,10.3979057591623,0.912264584290308,1.01194304088195
"955",3,8,"Tri","PlantW-SoilNW-FungW","W","NW","W","good","alive","n","n","gibson",1.513121975,0.016944253,89.30000973,0.579501811,10.1349374,26.84779869,2.64903448638962,0.999020858,NA,26.1,0.1551,59.4252873563218,0.04183,2.48575977011494,2.126,0.4056,0.103131163708087,52.684,0.608716092838703,6.59,3.24,22.04,24.9,23.45,74.45,31.87,3.8361153262519,0.793222466269219,2.33605271415124
"972",7,11,"Tri","PlantNW-SoilW-FungW","NW","W","W","good","alive","n","n","albert",1.442878178,0.01390103,103.7964975,0.548434298,11.15256164,25.75675252,2.30949205675047,0.813556022,NA,25.45,0.1368,53.7524557956778,0.04096,2.20170058939096,2.301,0.4149,0.0987225837551217,26.117,0.655347137096026,5.23,2.47,21.15,27.58,24.93,77.96,28.85,4.51625239005736,0.818717504332755,2.70225303292894
"978",6,6,"Tri","PlantNW-SoilNW-FungNW","NW","NW","NW","good","alive","n","n","stan",0.268103207,0.005608976,47.79895516,0.686046843,7.372035078,12.64452131,1.71520091483754,1.561790668,NA,8.48,0.451,531.839622641509,0.04663,24.7996816037736,0.752,0.3839,0.121463922896588,-10.3,0.010810751979945,1.96,2.01,8.13,10.35,8.88,27.71,12.1,5.1734693877551,0.83801652892562,2.2900826446281
"989",4,13,"Tri","PlantW-SoilW-FungNW","W","W","NW","good","alive","y","n","albert",-0.037069885,0.002401236,NA,NA,2.327207683,6.596586409,2.83454994463423,1.047283944,NA,24.67,0.2038,82.61045804621,0.04343,3.5877721929469,1.342,0.4096,0.1060302734375,-27.061,NA,3.07,1.6,25.02,25.42,26.94,77.03,29.69,8.67100977198697,0.896598181205793,2.59447625463119
"1374",5,10,"Tri","PlantNW-SoilNW-FungW","NW","NW","W","good","alive","n","n","stan",1.529004063,0.015462165,98.88680292,0.551545524,11.56570921,25.41488266,2.19743400067725,0.803779923,NA,23.6,0.1482,62.7966101694915,0.04431,2.78251779661017,1.943,0.3992,0.110996993987976,-5.512,0.549503785694641,4.13,0.83,12.15,24.51,25.93,74.04,17.11,3.14285714285714,0.758620689655172,4.32729398012858
"1647",7,11,"Tri","PlantNW-SoilNW-FungW","NW","NW","W","good","alive","y","n","yadi",0.115296305,0.00809024,14.25128365,0.911306059,3.586022022,10.0181281,2.79366050697387,0.826224151,NA,12.04,0.1409,117.02657807309,0.04751,5.55993272425249,2.162,0.409,0.116161369193154,-26.05,0.0207369964203121,1.8,1.49,8.89,9.74,10.06,31.84,12.18,5.76666666666667,0.852216748768473,2.61412151067323
"1666",3,27,"Tri","PlantW-SoilNW-FungW","W","NW","W","good","alive","y","n","albert",-0.199501332,0.001711342,NA,0.396315258,2.264081461,5.795374785,2.55970241567205,1.056590846,NA,9.85,0.0859,87.2081218274112,0.04355,3.79791370558376,2.497,0.3723,0.116975557346226,-25.398,NA,1.4,0.82,10.9,9.93,8.47,28.25,13.12,8.37142857142857,0.893292682926829,2.15320121951219
"1669",7,11,"Tri","PlantNW-SoilNW-FungNW","NW","NW","NW","good","alive","n","n","stan",0.44406416,0.005578587,79.60154925,0.450193776,6.554301691,16.83944554,2.5692203889734,1.013512927,NA,13.83,0.0901,65.1482284887925,0.04354,2.83655386840202,1.156,0.4013,0.108497383503613,9.089,0.156550582362169,3.72,2.95,12.08,16.16,12.87,42.86,18.75,4.04032258064516,0.8016,2.28586666666667
"1686",3,6,"Tri","PlantNW-SoilW-FungNW","NW","W","NW","good","alive","n","y","yadi",-0.263915551,0.002475603,NA,NA,2.637340747,7.121785175,2.70036595881708,1.213722597,NA,15.82,0.0935,59.102402022756,0.04367,2.58100189633375,1.658,0.3958,0.11033350176857,-22.289,NA,3.57,1.52,10.74,16.51,14.19,46.52,15.83,3.43417366946779,0.774478837650032,2.9387239418825
"1750",5,20,"Tri","PlantW-SoilW-FungW","W","W","W","good","alive","n","n","yadi",2.652848594,0.026809715,98.95101785,0.542091251,20.68839943,53.63850699,2.59268519884721,1.108922731,NA,15.41,0.0907,58.8578844905905,0.04054,2.38609863724854,2.334,0.4186,0.0968466316292403,101.204,1.11179334860149,2.47,1.42,8.42,13.12,15.74,44.27,12.31,3.98380566801619,0.799350121852153,3.59626320064988
"1827",7,8,"Tri","PlantW-SoilNW-FungNW","W","NW","NW","good","alive","n","n","gibson",3.013288744,0.02849561,105.7457181,0.571588694,21.40672235,52.6482577,2.45942638201219,0.831838747,NA,13.02,0.0474,36.405529953917,0.04556,1.65863594470046,1.952,0.4144,0.109942084942085,90.774,1.81672702417177,1.69,1.3,5.42,11.73,14.96,39.71,8.41,3.97633136094675,0.799048751486326,4.7217598097503
"1851",7,8,"Tri","PlantW-SoilW-FungNW","W","W","NW","good","alive","n","n","gibson",0.165881096,0.002357868,70.35215542,0.613433681,3.011373509,8.01231296,2.66068388263822,0.217727869,NA,7.56,0.0618,81.7460317460317,0.04391,3.58946825396825,1.081,0.394,0.111446700507614,9.234,0.046213278475611,1.71,0.83,3.19,9.16,7.11,23.83,5.73,2.35087719298246,0.701570680628272,4.1588132635253
"1926",3,5,"Tri","PlantNW-SoilW-FungW","NW","W","W","good","alive","n","n","gibson",1.631341476,0.016680786,97.79764088,0.561809591,18.35779416,47.28622957,2.57581216772942,1.47947356,NA,15.02,0.091,60.5858854860186,0.04319,2.61670439414114,2.84,0.4231,0.102079886551643,48.665,0.623433613537932,2.34,1.17,16.82,5.7,13.95,34.67,20.33,7.68803418803419,0.884899163797344,1.70536153467782
"1975",7,18,"Tri","PlantNW-SoilW-FungW","NW","W","W","good","alive","n","n","gibson",3.404857837,0.019985545,170.3660256,0.270998395,48.32972427,101.4918817,2.09998884191855,0.631140225,NA,17.56,0.0917,52.2209567198178,0.03895,2.0340062642369,2.776,0.3967,0.098185026468364,70.293,1.67396624920297,2.36,0.92,3,15.23,16.36,49.15,6.28,1.66101694915254,0.624203821656051,7.82643312101911
"2074",6,16,"Tri","PlantNW-SoilNW-FungNW","NW","NW","NW","good","dead","n","n",NA,NA,NA,NA,NA,NA,NA,NA,NA,NA,NA,NA,NA,NA,NA,NA,NA,NA,NA,NA,0,0,15.76,NA,NA,NA,15.76,Inf,1,NA
"2131",7,11,"Tri","PlantNW-SoilW-FungW","NW","W","W","good","alive","n","n","stan",1.883039325,0.012839309,146.6620441,0.357148887,69.05656022,84.29743018,1.22070126156654,6.005861648,NA,19.43,0.085,43.7467833247555,0.04558,1.99397838394236,1.727,0.4368,0.104349816849817,-20.512,0.944362958076298,3.31,2.22,13.47,20.66,21.2,61.29,19,4.74018126888218,0.825789473684211,3.22578947368421
"2276",6,22,"Tri","PlantNW-SoilW-FungWsterile","NW","W","Wsterile","good","alive","n","n","yadi",-0.055103671,0.004198884,NA,NA,3.150887187,7.085526074,2.24874000669831,0.960871746,NA,9.54,0.0566,59.3291404612159,0.04094,2.42893501048218,2.061,0.4093,0.100024431957,-21.583,NA,1.18,0.58,5.9,8.89,9.47,27.9,7.66,5.49152542372881,0.845953002610966,3.64229765013055
"2289",7,11,"Tri","PlantNW-SoilW-FungNW","NW","W","NW","good","alive","n","n","yadi",2.227083559,0.021385472,104.1400235,0.540739876,21.55081902,52.78549314,2.44934974819347,1.345429292,NA,24.48,0.1496,61.1111111111111,0.04167,2.5465,1.102,0.3899,0.10687355732239,116.054,0.874566486942863,4.19,2.38,11.11,23.79,24.3,72.57,17.68,3.21957040572792,0.763009049773756,4.10463800904977
"2329",3,20,"Tri","PlantW-SoilW-FungW","W","W","W","good","alive","n","y","albert",0.277309449,0.009438293,29.38131306,0.823724606,4.174347161,11.49221579,2.75305702826282,0.922573838,NA,18.18,0.2136,117.491749174918,0.04306,5.05919471947195,2.476,0.4099,0.105050012198097,-17.56,0.0548129622156437,5.74,1.22,18.21,18.84,19.74,56.76,25.17,3.38501742160279,0.771950735001986,2.25506555423123
"2379",7,23,"Tri","PlantNW-SoilW-FungW","NW","W","W","good","alive","n","n","stan",0.287217216,0.008679278,33.09229178,0.775113621,6.183617648,11.42420133,1.84749478061519,1.375433962,NA,8.59,0.1132,131.781140861467,0.04157,5.47814202561118,1.237,0.4005,0.103795255930087,-27.242,0.0524296768242251,2.61,1.19,20.18,9.19,6.55,24.33,23.98,8.18773946360153,0.89115929941618,1.01459549624687
"2382",7,23,"Tri","PlantNW-SoilNW-FungNW","NW","NW","NW","good","alive","y","y","stan",0.131541581,0.016739822,7.858003773,0.906491873,2.147408709,6.578260125,3.06334797722942,0.482457284,NA,7.53,0.1337,177.556440903054,0.05217,9.26311952191235,0.749,0.3905,0.13359795134443,-30.12,0.0142005704113859,2.9,1.7,15.98,8.64,NA,16.17,20.58,6.09655172413793,0.859086491739553,0.785714285714286
"2416",3,17,"Tri","PlantNW-SoilW-FungNWsterile","NW","W","NWsterile","bad","alive","y","n","yadi",0.209583706,0.007910648,26.49387332,0.795530314,4.035013416,11.36144969,2.81571546824319,0.794195717,NA,2.87,0.0226,78.7456445993031,0.05106,4.02075261324042,1.334,0.3866,0.13207449560269,-28.809,0.0521254914589464,0.86,0.62,4.03,2.74,3.75,9.36,5.51,5.40697674418605,0.843920145190563,1.69872958257713
"2547",5,19,"Tri","PlantW-SoilNW-FungW","W","NW","W","good","alive","n","n","yadi",-0.193447844,0.007234533,NA,NA,3.039213416,5.608356818,1.84533168630893,1.003288398,0.391323559,18.05,0.323,178.947368421053,0.04439,7.94347368421053,1.887,0.367,0.120953678474114,-26.782,NA,5.51,2.64,29.1,17.76,19.61,55.42,37.25,5.76043557168784,0.852080536912752,1.48778523489933
"2563",5,16,"Tri","PlantNW-SoilNW-FungW","NW","NW","W","good","alive","n","n","yadi",0.198935906,0.004080862,48.74850117,0.917654933,4.321809051,12.69715802,2.93792665760235,0.761380085,NA,29.11,0.1143,39.2648574373068,0.04674,1.83523943661972,1.68,0.3935,0.118780177890724,83.428,0.108397793786742,4.01,0.5,37.24,28.21,24.5,81.82,41.75,9.41147132169576,0.903952095808383,1.95976047904192
"2573",5,31,"Tri","PlantW-SoilNW-FungW","W","NW","W","good","alive","n","n","stan",1.031673289,0.007724746,133.5543396,0.38433413,30.53522816,40.40288573,1.32315650363885,3.74678394,2.173005219,23.05,0.1849,80.2169197396963,0.04343,3.48382082429501,1.839,0.3929,0.110537032323746,-5.374,0.296132706310684,4.33,2.31,9.22,26.59,22.86,72.5,15.86,2.66281755196305,0.726986128625473,4.57124842370744
"2703",4,8,"Tri","PlantW-SoilNW-FungW","W","NW","W","good","alive","n","n","stan",1.231051654,0.011150929,110.3990213,0.478271903,15.59604751,24.21024976,1.55233239347833,1.671780455,NA,17.41,0.2172,124.755887421022,0.03826,4.77316025272832,1.129,0.3839,0.0996613701484762,9.627,0.257911234657654,5.22,1.56,13.03,16.69,17.99,52.09,19.81,2.79501915708812,0.736496718828874,2.62948006057547
"2886",7,24,"Tri","PlantNW-SoilW-FungNW","NW","W","NW","good","dead","n","n",NA,NA,NA,NA,NA,NA,NA,NA,NA,NA,NA,NA,NA,NA,NA,NA,NA,NA,NA,NA,0,1.32,4.38,NA,NA,NA,5.7,Inf,1,NA
"2912",5,11,"Tri","PlantNW-SoilNW-FungWsterile","NW","NW","Wsterile","good","alive","n","n","stan",1.252852654,0.011946111,104.8753568,0.527704327,16.90966539,32.1312178,1.90016875313226,1.794976709,NA,13.86,0.0433,31.2409812409812,0.0457,1.42771284271284,1.808,0.4565,0.100109529025192,-27.514,0.877524258743386,1.7,0.45,14.61,13.84,12.78,40.48,16.76,8.85882352941176,0.898568019093079,2.41527446300716
"2927",7,14,"Tri","PlantW-SoilW-FungNW","W","W","NW","good","alive","n","n","stan",-0.058052903,0.005997499,NA,0.848684685,2.023616268,4.155799955,2.05365020074053,0.641092281,NA,9.69,0.0565,58.3075335397317,0.04482,2.61334365325077,1.989,0.351,0.127692307692308,-20.12,NA,1.9,1.47,8.68,9.45,10.06,29.2,12.05,5.3421052631579,0.842323651452282,2.42323651452282
"2941",6,6,"Tri","PlantNW-SoilW-FungW","NW","W","W","good","alive","n","y","gibson",1.01117085,0.017527032,57.69207499,0.744842718,22.21502571,63.14376122,2.84238974306368,3.817985447,NA,44.62,0.173,38.7718511878082,0.045,1.74473330345137,1.167,0.4146,0.108538350217077,92.143,0.579556112100193,4.17,2.65,14.02,44.29,48.51,137.42,20.84,3.99760191846523,0.799904030710173,6.59404990403071
"2980",6,11,"Tri","PlantNW-SoilNW-FungW","NW","NW","W","good","alive","n","n","ozzie",1.377002489,0.014825178,92.88269651,0.567697112,10.73872749,27.47274974,2.55828726127773,0.78555108,NA,13.29,0.0637,47.9307750188111,0.04506,2.15976072234763,3.031,0.3932,0.114598168870804,107.039,0.637571780406867,2.43,1.61,6.59,15.16,14.37,42.82,10.63,3.37448559670782,0.77140169332079,4.02822201317027
"2988",5,33,"Tri","PlantW-SoilNW-FungNW","W","NW","NW","good","alive","n","n","albert",0.194421174,0.004969023,39.12663676,0.508932676,4.395749716,10.31521378,2.34663355432951,1.041752058,NA,16.46,0.1143,69.4410692588092,0.03753,2.60612332928311,1.129,0.3943,0.0951813340096373,-16.53,0.0746016782150832,2.55,1.21,26.51,14.83,13.98,45.27,30.27,10.8705882352941,0.915758176412289,1.49554013875124
"3004",5,21,"Tri","PlantW-SoilW-FungNW","W","W","NW","good","alive","n","n","yadi",0.155246812,0.002582605,60.11248797,0.496512233,6.134084591,11.57202241,1.88651170982849,0.742514432,NA,14.32,0.1148,80.1675977653631,0.04545,3.64361731843575,1.662,0.3841,0.118328560270763,-14.177,0.0426078806944109,2.01,1.09,8.29,14.35,13.89,42.56,11.39,4.66666666666667,0.823529411764706,3.73661106233538
"3031",4,28,"Tri","PlantNW-SoilNW-FungW","NW","NW","W","good","alive","n","n","stan",-0.127314949,0.002004627,NA,NA,7.194913998,10.91434416,1.51695269228151,2.183238121,0.644039383,16.65,0.1976,118.678678678679,0.04122,4.89193513513514,1.611,0.356,0.115786516853933,-27.001,NA,2.29,1.64,6.88,15.23,14.48,46.36,10.81,3.72052401746725,0.788159111933395,4.2886216466235
"3043",7,24,"Tri","PlantNW-SoilW-FungW","NW","W","W","good","alive","n","n","albert",3.043868056,0.034726641,87.65224656,0.610510074,17.81651396,45.36784897,2.5463931424439,0.838089402,NA,15.06,0.0388,25.7636122177955,0.04646,1.19697742363878,2.659,0.4361,0.106535198349003,123.709,2.54296196059131,3.44,3.74,15.59,17.52,15.73,48.31,22.77,5.61918604651163,0.848924022837066,2.12165129556434
"3071",7,8,"Tri","PlantW-SoilNW-FungNW","W","NW","NW","good","dead","n","n",NA,NA,NA,NA,NA,NA,NA,NA,NA,NA,NA,NA,NA,NA,NA,NA,NA,NA,NA,NA,0,0.64,9.76,NA,NA,NA,10.4,Inf,1,NA
"3077",5,21,"Tri","PlantW-SoilNW-FungW","W","NW","W","good","alive","n","y","gibson",0.253672754,0.006048007,41.9431961,0.775187639,10.62485326,28.30581259,2.66411327265709,2.396117397,NA,18.22,0.0616,33.8090010976948,0.04813,1.62722722283205,1.75,0.4582,0.105041466608468,66.848,0.155892643904091,2.12,1.19,14.6,17.62,16.36,52.2,17.91,7.44811320754717,0.881630374092686,2.91457286432161
"3305",6,5,"Tri","PlantNW-SoilNW-FungW","NW","NW","W","good","dead","n","n","gibson",-0.105742179,0.005925187,NA,NA,1.282674273,3.486450689,2.71811071788761,0.265608213,NA,2.08,NA,NA,0.05055,NA,0.163,0.3705,0.136437246963563,-28.101,NA,0.18,0.19,4.25,2.53,NA,NA,4.62,24.6666666666667,0.961038961038961,NA
"3309",4,9,"Tri","PlantW-SoilNW-FungNW","W","NW","NW","good","alive","n","n",NA,NA,NA,NA,NA,NA,NA,NA,NA,NA,0.67,0.004,59.7014925373134,0.05646,3.37074626865672,2.219,0.4341,0.130062197650311,-28.349,NA,0.14,0.47,8.93,2.41,0.65,3.73,9.54,67.1428571428571,0.985324947589099,0.390985324947589
"3371",6,11,"Tri","PlantNW-SoilNW-FungNW","NW","NW","NW","good","alive","n","n","gibson",-0.172823614,0.002546648,NA,NA,1.345081278,4.204872253,3.1261101628388,0.649469766,NA,11.32,0.1216,107.420494699647,0.04124,4.43002120141343,0.821,0.3698,0.111519740400216,-25.74,NA,1.7,1.68,10.06,11.57,12.21,35.1,13.44,6.90588235294118,0.873511904761905,2.61160714285714
"3379",6,11,"Tri","PlantNW-SoilNW-FungNWsterile","NW","NW","NWsterile","good","alive","n","n",NA,NA,NA,NA,NA,NA,NA,NA,NA,NA,11.39,0.0284,24.9341527655838,0.04456,1.11106584723442,0.737,0.4355,0.10231917336395,27.701,NA,1.04,1.32,5.07,12.75,12.79,36.93,7.43,6.14423076923077,0.860026917900404,4.97039030955585
"3427",7,35,"Tri","PlantNW-SoilW-FungNW","NW","W","NW","good","alive","y","n",NA,NA,NA,NA,NA,NA,NA,NA,NA,NA,2.61,0.0165,63.2183908045977,0.04501,2.84545977011494,1.825,0.3841,0.11718302525384,-29.076,NA,0.21,0.42,1.76,2.16,0.27,5.04,2.39,10.3809523809524,0.912133891213389,2.10878661087866
"3526",7,35,"Tri","PlantNW-SoilW-FungNW","NW","W","NW","good","alive","n","n","gibson",0.088930215,0.006758309,13.1586481,0.832476412,13.62413723,21.71210099,1.59364961050088,3.721679382,NA,11.45,0.0864,75.4585152838428,0.04111,3.10209956331878,1.807,0.4027,0.102085920039732,-19.159,0.0286677500785494,2.08,1.66,11.6,10.13,11.19,32.77,15.34,6.375,0.864406779661017,2.13624511082138
"3563",3,4,"Tri","PlantNW-SoilW-FungW","NW","W","W","good","alive","n","n","albert",0.126577176,0.003323729,38.08288645,0.775157318,3.612409472,8.375269187,2.31847171587751,0.752710705,NA,8.25,0.0211,25.5757575757576,0.05144,1.31561696969697,2.681,0.4372,0.117657822506862,-15.712,0.0962112673486987,0.71,0.69,3.41,7.79,7.9,23.94,4.81,5.77464788732394,0.852390852390852,4.97713097713098
"3708",4,10,"Tri","PlantNW-SoilNW-FungNW","NW","NW","NW","good","alive","n","n","gibson",0.181233225,0.005988132,30.26540121,0.838153307,5.537545026,14.34947021,2.59130537857951,1.413600554,NA,19.3,0.1736,89.9481865284974,0.04134,3.71845803108808,0.845,0.3902,0.10594566888775,-6.222,0.0487388114871282,4.36,1.13,18.06,18,19.52,56.82,23.55,4.40137614678899,0.814861995753716,2.41273885350319
"3829",5,33,"Tri","PlantW-SoilNW-FungNW","W","NW","NW","good","alive","y","n","yadi",0.058138581,0.003296197,17.63807967,NA,8.247384711,13.93027443,1.68905355068746,2.015943762,0.91080742,8.9,0.0634,71.2359550561798,0.03993,2.84445168539326,1.309,0.3872,0.103125,-25.338,0.020439292851607,1.52,0.55,11.44,8.65,7.73,25.28,13.51,7.88815789473684,0.887490747594375,1.87120651369356
"4000",5,20,"Tri","PlantW-SoilW-FungW","W","W","W","good","alive","n","y","gibson",2.024944757,0.019217338,105.3707208,0.529415444,21.11065925,50.21089908,2.37846191752633,1.837427469,NA,21.41,0.2801,130.826716487623,0.04199,5.49341382531527,1.689,0.3863,0.108697903184054,25.017,0.368613183239256,6.71,2.08,22.51,21.88,21.49,64.78,31.3,3.66467958271237,0.785623003194888,2.06964856230032
"4081",7,18,"Tri","PlantNW-SoilW-FungNW","NW","W","NW","good","alive","y","n","albert",-0.139468471,0.004037786,NA,NA,1.612069215,4.330691019,2.68641754256191,0.619620003,NA,7.97,0.0449,56.33626097867,0.04286,2.4145721455458,1.414,0.402,0.106616915422886,-26.216,NA,0.99,0.68,3.48,8.8,9.32,26.09,5.15,4.2020202020202,0.807766990291262,5.06601941747573
"4105",5,10,"Tri","PlantNW-SoilW-FungW","NW","W","W","good","alive","y","n","albert",-0.111019919,0.003584501,NA,NA,1.183627041,3.649085201,3.08296876853796,0.437041475,NA,6.97,0.0635,91.1047345767575,0.05375,4.89687948350072,1.348,0.4471,0.120219190337732,-27.415,NA,1.28,0.98,12.74,8.34,7.67,22.98,15,10.71875,0.914666666666667,1.532
"4109",5,32,"Tri","PlantW-SoilW-FungW","W","W","W","good","alive","n","n","stan",-0.155719847,0.004833417,NA,NA,6.615857267,12.26437299,1.85378439936649,2.335392692,0.863671582,9.06,0.0603,66.5562913907285,0.0469,3.12149006622517,1.843,0.398,0.1178391959799,-22.194,NA,3.28,1.03,12.05,8.79,9.98,27.83,16.36,3.98780487804878,0.799511002444988,1.70110024449878
"4149",5,13,"Tri","PlantW-SoilW-FungW","W","W","W","good","alive","n","y","gibson",0.715728044,0.007219697,99.13546557,0.514798147,11.01368089,22.23942954,2.0192549395718,1.666255416,NA,17.9,0.2237,124.972067039106,0.04092,5.11385698324022,2.27,0.3831,0.106812842599843,-9.417,0.139958556984615,4.44,1.2,11.36,22.76,17.99,58.65,17,2.82882882882883,0.738823529411765,3.45
"4177",5,14,"Tri","PlantW-SoilW-FungNW","W","W","NW","good","alive","n","y","albert",2.132263409,0.018862076,113.0450015,0.558399348,15.91440992,37.23809857,2.33989816507127,0.730244912,NA,17.92,0.1986,110.825892857143,0.04697,5.2054921875,2.68,0.411,0.114282238442822,-13.674,0.409618021158542,2.82,1.29,11.85,19.1,18.19,55.21,15.96,4.65957446808511,0.823308270676692,3.45927318295739
"4265",5,31,"Tri","PlantW-SoilW-FungW","W","W","W","good","alive","y","n","yadi",-0.050566173,0.005541186,NA,NA,3.639224376,9.739777423,2.67633331080985,1.037600116,NA,18.41,0.1489,80.8799565453558,0.04733,3.82804834329169,1.851,0.4105,0.115298416565164,-27.09,NA,2.07,1.49,13.42,17.15,18.12,53.68,16.98,7.20289855072464,0.87809187279152,3.16136631330978
"4373",6,2,"Tri","PlantW-SoilNW-FungW","W","NW","W","good","alive","n","n","stan",1.02003027,0.00863916,118.0705387,0.377020688,20.7785925,33.23668382,1.59956377314777,2.777222487,NA,9.51,0.0564,59.3059936908517,0.04428,2.62606940063091,1.63,0.4059,0.109090909090909,54.711,0.388424719375252,1.46,0.31,5.25,11.98,8.88,30.37,7.02,3.80821917808219,0.792022792022792,4.32621082621083
"4414",5,22,"Tri","PlantNW-SoilW-FungW","NW","W","W","good","alive","n","n","albert",0.227505279,0.004169256,54.56735414,0.796709387,5.410479839,14.92109111,2.75781290273837,1.00300485,NA,16.77,0.0505,30.113297555158,0.04923,1.48247763864043,0.94,0.4597,0.107091581466174,48.953,0.153462873955147,1.75,1.52,8.97,19.14,18.25,54.16,12.24,5.99428571428571,0.85702614379085,4.42483660130719
"4431",5,23,"Tri","PlantNW-SoilW-FungNW","NW","W","NW","good","alive","n","n",NA,NA,NA,NA,NA,NA,NA,NA,NA,NA,5.81,0.036,61.9621342512909,0.05319,3.29576592082616,1.062,0.4325,0.122982658959538,-29.13,NA,0.8,0.96,23.44,5.56,5.03,16.4,25.2,30.5,0.968253968253968,0.650793650793651
"4452",4,7,"Tri","PlantW-SoilNW-FungW","W","NW","W","good","alive","n","n","gibson",-0.295591399,0.004336844,NA,NA,4.376983438,11.24464043,2.56903883445766,1.82497459,NA,17.85,NA,NA,0.04375,NA,1.334,0.4183,0.104590007171886,-25.756,NA,3.19,1.35,13.33,18.85,16.55,53.25,17.87,4.60188087774295,0.821488528259653,2.97985450475658
"4505",6,11,"Tri","PlantNW-SoilNW-FungNW","NW","NW","NW","good","alive","y","y","albert",-0.222927881,0.006131696,NA,NA,2.362767051,6.599583978,2.79315896808652,0.988497616,NA,21.08,0.2383,113.045540796964,0.04674,5.2837485768501,0.333,0.4147,0.112707981673499,-25.93,NA,5.67,2.33,20.33,23.82,17.43,62.33,28.33,3.99647266313933,0.799858806918461,2.20014119308154
"4511",6,16,"Tri","PlantNW-SoilNW-FungNW","NW","NW","NW","good","alive","n","y","yadi",0.277116009,0.005693725,48.67042358,0.731474516,6.446025104,12.42526476,1.92758553675034,1.271116223,NA,32.62,0.2912,89.2703862660944,0.04494,4.01181115879828,1.164,0.4173,0.107692307692308,1.64,0.0690750381887388,6.5,4.77,25.38,29.39,24.16,86.17,36.65,4.63846153846154,0.822646657571623,2.35115961800819
"4543(5232)",6,16,"Tri","PlantNW-SoilW-FungW","NW","W","W","good","alive","n","n",NA,NA,NA,NA,NA,NA,NA,NA,NA,NA,5.81,0.0175,30.1204819277108,0.05492,1.65421686746988,0.845,0.4163,0.131924093202018,-24.804,NA,0.64,0.17,3.38,6.24,5.72,17.77,4.19,5.546875,0.847255369928401,4.24105011933174
"4547",5,10,"Tri","PlantNW-SoilW-FungW","NW","W","W","good","alive","n","n","stan",0.114561748,0.002348519,48.78041652,0.478681221,NA,NA,NA,NA,NA,8.31,0.1408,169.434416365824,0.04402,7.45850300842359,1.423,0.3878,0.113512119649304,-26.992,0.0153598849354374,1.88,1.04,14.37,9.32,11.21,28.84,17.29,8.1968085106383,0.891266628108733,1.66801619433198
"4576",5,21,"Tri","PlantW-SoilNW-FungNW","W","NW","NW","good","alive","n","n","ozzie",3.970314995,0.026264778,151.1649946,0.374119582,34.19723023,71.25191267,2.08355800135805,0.716502763,NA,16.9,0.084,49.7041420118343,0.03947,1.9618224852071,1.589,0.4004,0.0985764235764236,63.459,2.02378911697552,2.58,1.22,8.66,16.28,18.56,51.74,12.46,3.82945736434109,0.792937399678973,4.15248796147673
"4582",6,11,"Tri","PlantNW-SoilW-FungNW","NW","W","NW","good","alive","n","n","yadi",-0.369325717,0.002617288,NA,NA,2.884280517,6.195914444,2.14816638238936,1.226582251,NA,9.78,0.0576,58.8957055214724,0.04461,2.62733742331288,1.206,0.4131,0.1079883805374,-25.021,NA,1.43,0.84,7.49,8.68,7.33,25.79,9.76,5.82517482517483,0.853483606557377,2.64241803278689
"4712",6,2,"Tri","PlantW-SoilW-FungW","W","W","W","good","alive","n","n","albert",0.131663902,0.007484091,17.59250326,0.900105805,3.327297424,10.78387777,3.24103210377745,0.668616412,NA,11.88,0.0353,29.7138047138047,0.04797,1.42537121212121,0.103,0.4322,0.110990282276724,27.362,0.0923716579094229,1.62,0.39,6.31,13.21,14.06,39.15,8.32,4.1358024691358,0.805288461538461,4.70552884615385
"4714",3,7,"Tri","PlantW-SoilNW-FungNW","W","NW","NW","good","alive","n","y","yadi",0.983110476,0.00395222,248.7489453,-1.287482267,27.30378122,38.39177343,1.40609731379909,2.844398538,NA,21.58,0.1014,46.9879518072289,0.0485,2.2789156626506,2.011,0.4313,0.112450730350104,-23.869,0.431393970436162,2.87,1.49,20.54,17.02,21.6,60.2,24.9,7.67595818815331,0.884738955823293,2.41767068273092
"4745",6,12,"Tri","PlantNW-SoilW-FungNW","NW","W","NW","good","alive","n","n","gibson",1.660897413,0.018578454,89.39912034,0.593302393,12.85503854,32.86547179,2.55662180146214,0.969283176,NA,24.15,0.1027,42.5258799171843,0.03631,1.54411469979296,2.249,0.3796,0.0956533192834563,106.633,1.07563085386254,3.22,2.62,16.1,18.25,18.7,61.1,21.94,5.81366459627329,0.853236098450319,2.7848678213309
"4760",6,2,"Tri","PlantW-SoilNW-FungWsterile","W","NW","Wsterile","good","alive","n","n","gibson",0.353293752,0.005689165,62.09940334,0.671968217,3.612732675,9.040249451,2.50233002667434,0.430674762,NA,6.95,0.0828,119.136690647482,0.04012,4.77976402877698,1.949,0.4112,0.097568093385214,-20.502,0.0739144756672013,1.09,0.31,4.2,7.69,7.17,21.81,5.6,4.13761467889908,0.805357142857143,3.89464285714286
"4934",3,23,"Tri","PlantNW-SoilW-FungNW","NW","W","NW","good","alive","n","n","yadi",-0.135212028,0.006619137,NA,NA,2.38469813,4.218071427,1.76880728589325,0.693297902,NA,8.03,0.0765,95.2677459526775,0.03947,3.76021793275218,1.394,0.3452,0.114339513325608,-27.098,NA,1.35,0.66,4.85,7.33,6.02,21.38,6.86,4.08148148148148,0.803206997084548,3.11661807580175
"4942",3,27,"Tri","PlantW-SoilNW-FungW","W","NW","W","good","alive","y","n","albert",-0.384474221,0.002449176,NA,NA,5.646081984,10.6924545,1.89378307475884,2.233331464,NA,5.9,0.0304,51.5254237288136,0.04094,2.10945084745763,2.686,0.3987,0.102683722096815,-25.862,NA,0.63,0.81,3.66,6.24,7.83,19.97,5.1,7.0952380952381,0.876470588235294,3.9156862745098
"4959",5,22,"Tri","PlantNW-SoilW-FungNW","NW","W","NW","good","alive","n","y","albert",-0.510526607,0.00678681,NA,NA,1.834306793,4.719372548,2.57283708810863,1.107403412,NA,15.18,0.1288,84.8484848484849,0.04414,3.74521212121212,1.883,0.405,0.108987654320988,-20.975,NA,3.2,2.03,4.84,17.24,16.82,49.24,10.07,2.146875,0.682224428997021,4.88977159880834
"4990",5,22,"Tri","PlantNW-SoilNW-FungW","NW","NW","W","good","alive","n","y","yadi",3.509764022,0.024875988,141.0904372,0.388426083,32.66507725,75.18324515,2.30163990045363,0.878055249,NA,37.09,0.2484,66.9722297115125,0.04555,3.0505850633594,1.009,0.4241,0.107403914171186,23.903,1.15052160457868,6.75,2.86,21.99,39.77,40.38,117.24,31.6,3.68148148148148,0.786392405063291,3.71012658227848
"5031",6,28,"Tri","PlantNW-SoilNW-FungW","NW","NW","W","good","alive","n","n",NA,NA,NA,NA,NA,NA,NA,NA,NA,NA,2.11,0.0108,51.1848341232228,0.05256,2.69027488151659,1.624,0.4518,0.116334661354582,-26.732,NA,0.32,0.53,10.55,2.55,2.57,7.23,11.4,34.625,0.971929824561404,0.63421052631579
"5040",4,20,"Tri","PlantW-SoilW-FungNW","W","W","NW","good","alive","n","y","ozzie",0.661972417,0.00733012,90.3085364,NA,6.867149206,15.94879939,2.32247748105795,0.60288966,NA,18.34,0.1231,67.1210468920393,0.04221,2.83317938931298,1.279,0.3976,0.106161971830986,17.536,0.23365001859643,2.33,0.85,7.28,16.14,16.59,51.07,10.46,3.48927038626609,0.777246653919694,4.88240917782027
"5060",6,27,"Tri","PlantW-SoilW-FungWsterile","W","W","Wsterile","good","alive","n","n","ozzie",0.429692613,0.007452434,57.65802368,0.770687795,5.559493575,14.54542313,2.61632160083934,0.733716671,NA,16.57,0.0726,43.814121907061,0.04096,1.79462643331322,0.754,0.3951,0.103669956972918,-3.724,0.239432900922287,2.86,0.45,15.12,16.32,13.43,46.32,18.43,5.44405594405594,0.844818231144872,2.51329354313619
"5115",5,19,"Tri","PlantW-SoilNW-FungW","W","NW","W","good","alive","y","n","stan",-0.516050391,0.002270497,NA,NA,4.514900761,9.920564012,2.19729392452974,2.379877195,NA,11.27,0.1166,103.460514640639,0.04231,4.37741437444543,2.052,0.3656,0.115727571115974,-26.61,NA,1.43,0.88,7.16,11.22,9.44,31.93,9.47,5.62237762237762,0.848996832101373,3.37170010559662
"5228",5,19,"Tri","PlantW-SoilW-FungW","W","W","W","good","alive","n","n","albert",0.69666941,0.011768373,59.19844973,0.706594052,8.081899533,24.02469096,2.97265399822188,0.907158005,NA,27.01,0.0942,34.8759718622732,0.04284,1.49408663457979,0.793,0.4448,0.0963129496402878,73.212,0.466284480348049,2.63,0.92,6.8,19.32,20.11,66.44,10.35,2.93536121673004,0.745893719806763,6.41932367149758
"5267",6,2,"Tri","PlantW-SoilNW-FungW","W","NW","W","good","alive_other","y","n","yadi",-0.172937408,0.002053839,NA,NA,NA,NA,NA,NA,NA,35.31,0.0426,12.0645709430756,0.04784,0.577169073916737,2.097,0.3824,0.12510460251046,-26.187,NA,0.48,0.57,3.77,30.49,33.91,99.71,4.82,9.04166666666667,0.900414937759336,20.6867219917012
"5381",5,10,"Tri","PlantNW-SoilNW-FungWsterile","NW","NW","Wsterile","good","alive","n","n","stan",3.389357576,0.023390501,144.9031629,0.33927578,38.29944048,83.71312825,2.18575329563143,1.130545015,NA,25.51,0.0713,27.9498235985888,0.04022,1.12414190513524,2.793,0.4295,0.0936437718277066,39.593,3.01506203132979,2.6,1.32,5.87,22.61,22.68,70.8,9.79,2.76538461538462,0.734422880490296,7.23186925434116
"5403",6,6,"Tri","PlantNW-SoilNW-FungW","NW","NW","W","good","dead","n","n",NA,NA,NA,NA,NA,NA,NA,NA,NA,NA,NA,NA,NA,NA,NA,NA,NA,NA,NA,NA,0,0,10.17,NA,NA,NA,10.17,Inf,1,NA
"5436",3,3,"Tri","PlantW-SoilW-FungNW","W","W","NW","good","alive","y","n","stan",-0.0077152,0.003248932,NA,0.325537502,2.692703154,5.483816426,2.03654696131425,0.859858845,0.39451194,11.97,0.0981,81.9548872180451,0.05159,4.22805263157895,1.802,0.3909,0.131977487848555,-26.732,NA,1.31,1.24,8.04,15.11,15.96,43.04,10.59,7.08396946564885,0.876298394711992,4.06421152030217
"5488",3,1,"Tri","PlantW-SoilNW-FungNWsterile","W","NW","NWsterile","good","dead","n","n",NA,NA,NA,NA,NA,NA,NA,NA,NA,NA,NA,NA,NA,NA,NA,NA,NA,NA,NA,NA,0,1.95,16.54,NA,NA,NA,18.49,Inf,1,NA
"5619",6,5,"Tri","PlantNW-SoilNW-FungW","NW","NW","W","good","alive","n","n","albert",-0.06131415,0.00214466,NA,NA,2.638384122,6.782475148,2.57069283105699,0.855111329,NA,14.45,0.0769,53.2179930795848,0.04555,2.42407958477509,2.17,0.371,0.12277628032345,-17.295,NA,1.11,1.51,5,12.37,11.8,38.62,7.62,5.86486486486486,0.854330708661417,5.06824146981627
"5626",6,6,"Tri","PlantNW-SoilW-FungNW","NW","W","NW","good","alive","n","n","gibson",-0.22905271,0.002635986,NA,NA,NA,NA,NA,NA,NA,16.24,0.1263,77.7709359605911,0.04188,3.25704679802956,0.551,0.3946,0.10613279270147,-21.071,NA,3,0.14,17.84,20.4,20.12,56.76,20.98,5.99333333333333,0.857006673021926,2.70543374642517
"5641",6,4,"Tri","PlantNW-SoilW-FungW","NW","W","W","good","alive","n","y","yadi",0.171591946,0.004657019,36.84587384,0.779949359,4.267818547,12.01732021,2.81579923739902,0.60165465,NA,18.66,0.0621,33.2797427652733,0.05115,1.70225884244373,1.794,0.4484,0.11407225691347,48.645,0.100802499432851,2.03,1.04,7.72,18.88,20.26,57.8,10.79,4.31527093596059,0.811862835959222,5.35681186283596
"5714",6,8,"Tri","PlantW-SoilW-FungNWsterile","W","W","NWsterile","good","alive","n","y","yadi",0.142999418,0.003934924,36.34108766,0.760248515,9.010749371,12.88783345,1.43027321251193,1.684885772,NA,16.15,0.0306,18.9473684210526,0.05482,1.03869473684211,0.017,0.4528,0.12106890459364,-15.632,0.137672227390652,1.86,1.02,9.26,19.26,16.5,51.91,12.14,5.52688172043011,0.846787479406919,4.27594728171334
"5722",6,6,"Tri","PlantNW-SoilW-FungWsterile","NW","W","Wsterile","good","alive","n","y","yadi",0.05370212,0.003161084,16.98851407,0.891281258,2.706406943,7.741237597,2.86033762107445,0.647825758,NA,17.2,0.1756,102.093023255814,0.0386,3.94079069767442,1.962,0.3788,0.101900739176346,-24.367,0.0136272449160244,3.44,2.65,16.93,14.8,17.02,49.02,23.02,5.69186046511628,0.850564726324935,2.12945264986968
"5742",6,3,"Tri","PlantW-SoilNW-FungNW","W","NW","NW","good","alive","n","n","ozzie",-0.618181299,-0.000187561,3295.896931,NA,NA,NA,NA,NA,NA,11.52,0.0785,68.1423611111111,0.04661,3.17611545138889,0.716,0.4138,0.1126389560174,6.032,NA,2.25,1.56,8.23,5.48,11.62,28.62,12.04,4.35111111111111,0.81312292358804,2.37707641196013
"5771",6,5,"Tri","PlantNW-SoilNW-FungNW","NW","NW","NW","good","alive","n","n","gibson",2.520486616,0.02618498,96.2569627,0.550422399,17.356197,39.79416543,2.29279291022106,0.631284799,NA,28.29,0.2097,74.1251325556734,0.03723,2.75967868504772,-0.545,0.3614,0.103016048699502,22.185,0.913326116426636,4.46,1.68,6.82,NA,25.3,NA,12.96,1.90582959641256,0.655864197530864,NA
"5852",6,9,"Tri","PlantW-SoilW-FungNW","W","W","NW","good","alive","n","n","ozzie",-0.127662556,0.000998929,NA,NA,2.163766199,6.229874123,2.87918081254767,0.819540956,NA,11.73,0.126,107.416879795396,0.04538,4.87457800511509,1.014,0.4053,0.111966444608932,-21.721,NA,1.61,1.63,11.07,13.83,14.64,40.2,14.31,7.88819875776397,0.887491264849755,2.80922431865828
"5865",6,2,"Tri","PlantW-SoilW-FungNW","W","W","NW","good","alive","y","n","gibson",-0.269947664,0.004507356,NA,NA,1.829858765,5.324774367,2.90993735082062,0.900813554,NA,7.11,0.0628,88.3263009845288,0.05132,4.53290576652602,1.952,0.3974,0.129139406139909,-26.691,NA,0.96,0.53,6.75,7.24,7.37,21.72,8.24,7.58333333333333,0.883495145631068,2.63592233009709
"5877",5,27,"Tri","PlantW-SoilW-FungNW","W","W","NW","good","alive","n","n","gibson",0.047244219,0.010024751,4.712757354,0.883874305,3.105747606,5.480693756,1.76469386804383,0.628235944,NA,16.9,0.1552,91.8343195266272,0.04301,3.94979408284024,1.423,0.3804,0.113065194532071,-27.126,0.0119611853198249,2.88,1.11,9.11,12.16,17,46.06,13.1,3.54861111111111,0.780152671755725,3.51603053435115
"5904",5,9,"Tri","PlantW-SoilW-FungNW","W","W","NW","good","alive","n","n","yadi",-0.055352633,0.003319733,NA,0.900770907,2.323753083,5.42849395,2.33608897163537,0.712009097,NA,10.39,0.0385,37.0548604427334,0.0574,2.1269489894129,2.21,0.391,0.146803069053708,-29.147,NA,0.33,1.03,4.83,NA,NA,NA,6.19,17.7575757575758,0.946688206785137,NA
"6507",7,12,"Tri","PlantNW-SoilNW-FungW","NW","NW","W","good","alive","n","n","albert",0.430141368,0.006933948,62.03412082,0.71319542,5.63884108,14.64151478,2.59654680319524,0.806403607,NA,20.21,0.1509,74.6660069272637,0.0453,3.38237011380505,1.652,0.4065,0.111439114391144,-24.234,0.127171584873101,3.37,3.02,15.56,18.5,19.25,57.96,21.95,5.513353115727,0.846469248291572,2.64054669703872
"6558",3,22,"Tri","PlantNW-SoilNW-FungNW","NW","NW","NW","good","alive","n","n","albert",0.573175585,0.012130243,47.25177903,0.793346685,5.87569892,15.91798245,2.70912153034553,0.878454371,NA,14.74,0.1064,72.1845318860244,0.0418,3.01731343283582,2.06,0.3895,0.107317073170732,-14.545,0.189962228902849,2.46,2.48,11.37,13.86,13.53,42.13,16.31,5.63008130081301,0.849172286940527,2.58307786633967
"6875",5,29,"Tri","PlantNW-SoilNW-FungW","NW","NW","W","good","alive","n","y","stan",1.686944844,0.016317314,103.3837336,0.522070941,16.07841425,36.94975775,2.29809713666259,1.160611451,NA,21.27,0.2613,122.849083215797,0.04129,5.07243864598025,2.583,0.3515,0.1174679943101,4.928,0.332570773495082,4.86,1.44,11.51,23.07,21.3,65.64,17.81,2.66460905349794,0.727119595732734,3.68556990454801
"6879",6,36,"Tri","PlantNW-SoilNW-FungW","NW","NW","W","good","alive","n","n","gibson",-0.013387395,0.002747377,NA,0.959532994,NA,NA,NA,NA,NA,6.58,0.0387,58.8145896656535,0.04794,2.81957142857143,2.279,0.4007,0.119640628899426,-23.433,NA,0.8,0.83,4.09,6.41,6.23,19.22,5.72,6.15,0.86013986013986,3.36013986013986
"6881",5,10,"Tri","PlantNW-SoilW-FungNW","NW","W","NW","good","alive","n","n","gibson",-0.132707823,0.00261129,NA,NA,2.711471151,4.811376328,1.77445233972913,0.80185113,0.327529377,8.77,0.0767,87.4572405929305,0.04559,3.9871755986317,2.427,0.4136,0.110227272727273,-25.731,NA,1.8,1.05,11.34,9.7,9.18,27.65,14.19,6.88333333333333,0.873150105708245,1.94855532064834
"6885",3,20,"Tri","PlantW-SoilW-FungW","W","W","W","good","alive","y","n","stan",-0.048046396,0.002489452,NA,0.77880291,3.388234169,6.93668346,2.04728572879226,1.106262453,NA,5.69,0.0359,63.0931458699473,0.03971,2.50542882249561,3.677,0.3315,0.119788838612368,-23.346,NA,0.61,0.85,2.98,7.22,7.27,20.18,4.44,6.27868852459016,0.862612612612613,4.54504504504505
"6887",5,2,"Tri","PlantW-SoilNW-FungNW","W","NW","NW","good","dead","n","n",NA,NA,NA,NA,NA,NA,NA,NA,NA,NA,0.82,0.0554,675.609756097561,0.05538,37.4152682926829,0.859,0.4231,0.130891042306783,-28.693,NA,0.1,1.05,3.72,NA,NA,0.82,4.87,47.7,0.979466119096509,0.168377823408624
"6894",7,20,"Tri","PlantW-SoilNW-FungNW","W","NW","NW","good","alive","n","n","stan",4.528378127,0.045097374,100.4133437,0.581878254,26.23024928,60.30325071,2.29899647793206,0.693085236,NA,12.48,0.0617,49.4391025641026,0.04232,2.09226282051282,1.209,0.4367,0.0969086329287841,3.204,2.1643447862301,1.23,0.66,5.18,11.9,12.14,36.52,7.07,4.7479674796748,0.826025459688826,5.16548797736917
"7120",5,17,"Tri","PlantNW-SoilNW-FungNWsterile","NW","NW","NWsterile","good","alive","n","n",NA,NA,NA,NA,NA,NA,NA,NA,NA,NA,2.85,0.0299,104.912280701754,0.05404,5.66945964912281,0.953,0.4199,0.128697308883067,-27.585,NA,0.6,0.04,8.33,6.65,4.68,14.18,8.97,13.95,0.933110367892976,1.58082497212932
"7147",5,9,"Tri","PlantW-SoilNW-FungW","W","NW","W","good","alive","n","y","yadi",0.178438999,-3.07e-05,NA,NA,19.06047198,29.9893305,1.57337816878132,4.776861874,NA,16.49,0.1884,114.251061249242,0.04172,4.76655427531838,1.984,0.3959,0.105380146501642,-9.311,0.0374356377150623,3.5,1.34,13.84,17.74,15.25,49.48,18.68,4.33714285714286,0.812633832976445,2.64882226980728
"7574",7,12,"Tri","PlantNW-SoilW-FungNW","NW","W","NW","good","alive","n","n","albert",0.961593334,0.007796984,123.3288789,0.475162044,12.7720511,22.73163162,1.77979491641714,1.158693034,NA,10.03,0.0474,47.2582253240279,0.04247,2.00705682951147,2.401,0.4334,0.0979926165205353,40.511,0.479106181679001,2.2,0.93,38.28,11.19,NA,NA,41.41,17.8227272727273,0.946872736054093,NA
"9145",4,3,"Tri","PlantW-SoilW-FungNW","W","W","NW","good","alive","n","n","stan",1.049454132,0.008742128,120.045615,0.424868094,10.13244169,23.21655456,2.2913089727339,0.707904336,NA,16.16,0.1329,82.240099009901,0.04578,3.76495173267327,1.555,0.3987,0.114823175319789,56.386,0.278743050778727,2.89,2.79,22.42,16.13,7.81,40.1,28.1,8.72318339100346,0.897153024911032,1.4270462633452
"1184(5226)",6,2,"Tri","PlantW-SoilNW-FungNW","W","NW","NW","good","dead","n","n",NA,NA,NA,NA,NA,NA,NA,NA,NA,NA,NA,NA,NA,NA,NA,NA,NA,NA,NA,NA,0,0,9.41,NA,NA,NA,9.41,Inf,1,NA
"2996A1",7,14,"Tri","PlantW-SoilW-FungW","W","W","W","good","alive","n","n","ozzie",2.64580935,0.014921764,177.3120997,0.210686021,35.39278334,68.9172783,1.94721273085385,0.789594701,NA,14.43,0.0427,29.5911295911296,0.04593,1.35912058212058,1.972,0.478,0.0960878661087866,112.404,1.94670685206742,2.97,0.74,9.26,18.23,9.04,41.7,12.97,3.36700336700337,0.771010023130301,3.21511179645335
"2996A2",7,14,"Tri","PlantW-SoilW-FungW","W","W","W","good","alive","n","n","albert",-0.084678067,0.0044032,NA,NA,1.862627748,5.602596797,3.00789935241532,0.643232649,NA,7.46,0.034,45.5764075067024,0.04895,2.23096514745308,2.059,0.4021,0.121735886595374,-16.473,NA,0.16,0.95,7.32,8.14,6.88,22.48,8.43,51.6875,0.981020166073547,2.66666666666667
"2996A3",7,14,"Tri","PlantW-SoilW-FungW","W","W","W","good","alive","n","n","yadi",-0.048303355,0.003212264,NA,0.921679043,4.272762523,8.521093057,1.9942819220894,1.357197972,NA,10.99,0.0675,61.4194722474977,0.04437,2.72518198362147,1.843,0.4221,0.105117270788913,-24.366,NA,1.07,0.81,7.75,10.98,9.98,31.95,9.63,8,0.888888888888889,3.31775700934579
"4444(2988)",5,33,"Tri","PlantW-SoilW-FungWsterile","W","W","Wsterile","good","alive","n","y","ozzie",2.395362528,0.020497279,116.8624632,0.490213204,16.61665622,33.9140515,2.04096727109156,0.772624765,NA,25.08,0.1943,77.4720893141946,0.03946,3.05704864433812,2.436,0.3976,0.0992454728370221,26.165,0.783553945874034,5.42,1.31,12.64,23.5,21.5,70.08,19.37,2.57380073800738,0.720185854414042,3.61796592669076
"4777A",6,2,"Tri","PlantW-SoilNW-FungW","W","NW","W","good","other","y","n","stan",-0.08386552,0.003277559,NA,0.852364434,4.615180212,8.549228335,1.85241484455385,1.23651779,NA,14.17,0.1267,89.4142554693013,0.046,4.11305575158786,1.277,0.3774,0.121886592474828,-26.516,NA,1.28,0.94,9,14.34,16.33,44.84,11.22,7.765625,0.885918003565062,3.99643493761141
"4777B",6,2,"Tri","PlantW-SoilW-FungNWsterile","W","W","NWsterile","good","alive","n","n",NA,NA,NA,NA,NA,NA,NA,NA,NA,NA,1.62,0.0073,45.0617283950617,0.05843,2.63295679012346,0.799,0.4295,0.13604190919674,-22.417,NA,0.28,0.19,1.48,3.16,1.75,6.53,1.95,5.96428571428571,0.856410256410256,3.34871794871795
"4777C",6,2,"Tri","PlantW-SoilNW-FungNW","W","NW","NW","good","dead","n","n","gibson",2.954182324,0.03186708,92.70326258,0.580578434,16.85679189,39.46961906,2.34146682936833,0.698455055,NA,8.71,0.0245,28.1285878300804,0.04319,1.21487370838117,1.371,0.3932,0.109842319430315,-28.346,2.43167853878118,0.76,0.46,2.5,7.71,7.31,23.73,3.72,3.89473684210526,0.795698924731183,6.37903225806452
"5229_blue",5,22,"Tri","PlantNW-SoilNW-FungNW","NW","NW","NW","good","dead_other","n","n","yadi",-0.107330204,0.005375378,NA,NA,1.634005198,5.1500357,3.15178660771922,0.616247329,NA,13.36,0.1074,80.3892215568862,0.04136,3.32489820359281,1.287,0.3935,0.105108005082592,-27.139,NA,1.88,0.7,12.09,11.8,14.42,39.58,14.67,6.8031914893617,0.87184730743013,2.69802317655078
"5229_red",6,1,"Tri","PlantW-SoilW-FungW","W","W","W","good","alive","n","n","gibson",1.299605434,0.01357672,95.72308138,0.646536209,25.94271591,36.83069376,1.41969306096449,4.41466459,NA,11.2,0.0867,77.4107142857143,0.03987,3.08636517857143,2.824,0.3788,0.10525343189018,-24.301,0.421079606205751,1.93,1.75,8.26,10.13,11.47,32.8,11.94,5.18652849740933,0.838358458961474,2.74706867671692
"flag1",5,14,"Tri","PlantW-SoilW-FungNW","W","W","NW","good","alive","n","n","albert",0.0120064,0.005016946,2.393169071,0.919965826,2.256233906,5.980798218,2.6507882015669,0.5427327,NA,20.68,0.1443,69.7775628626693,0.04537,3.1658080270793,1.844,0.3919,0.115769328910436,-3.544,0.00379252307698417,2.41,1.32,12.56,22.39,21.42,64.49,16.29,5.75933609958506,0.852056476365869,3.95887047268263
"flag2",5,14,"Tri","PlantW-SoilNW-FungW","W","NW","W","good","alive","y","n","albert",-0.131001282,0.002167695,NA,NA,1.981856786,5.019001176,2.53247419866796,0.85203505,NA,5.79,0.04,69.0846286701209,0.04037,2.78894645941278,1.956,0.3725,0.108375838926174,-27.695,NA,0.54,0.46,5.03,5.1,6.2,17.09,6.03,10.1666666666667,0.91044776119403,2.83416252072968
"flag3",5,14,"Tri","PlantW-SoilW-FungW","W","W","W","good","alive","y","n","stan",-0.287434802,0.002674502,NA,NA,1.465578428,3.384842829,2.30956103360441,0.513305276,NA,14.46,0.128,88.5200553250346,0.04675,4.13831258644537,2.792,0.3999,0.116904226056514,-25.829,NA,1.49,0.97,9.38,13.24,12.52,40.22,11.84,6.94630872483222,0.874155405405405,3.39695945945946
